country_iso3,country,year,intentional_homicide_rate_per_100k,source
BRA,Brazil,2023,19.2752957673079,"World Bank WDI indicator VC.IHR.PSRC.P5, sourced from UNODC"
BRA,Brazil,2022,20.0811754127452,"World Bank WDI indicator VC.IHR.PSRC.P5, sourced from UNODC"
BRA,Brazil,2021,20.5048626655709,"World Bank WDI indicator VC.IHR.PSRC.P5, sourced from UNODC"
BRA,Brazil,2020,21.8129091470528,"World Bank WDI indicator VC.IHR.PSRC.P5, sourced from UNODC"
BRA,Brazil,2019,21.2445602088385,"World Bank WDI indicator VC.IHR.PSRC.P5, sourced from UNODC"
BRA,Brazil,2018,27.1606152370358,"World Bank WDI indicator VC.IHR.PSRC.P5, sourced from UNODC"
BRA,Brazil,2017,31.1611756216413,"World Bank WDI indicator VC.IHR.PSRC.P5, sourced from UNODC"
BRA,Brazil,2016,30.1193623667804,"World Bank WDI indicator VC.IHR.PSRC.P5, sourced from UNODC"
BRA,Brazil,2015,28.8503019791216,"World Bank WDI indicator VC.IHR.PSRC.P5, sourced from UNODC"
BRA,Brazil,2014,29.8537931807395,"World Bank WDI indicator VC.IHR.PSRC.P5, sourced from UNODC"
BRA,Brazil,2013,28.6404106359245,"World Bank WDI indicator VC.IHR.PSRC.P5, sourced from UNODC"
BRA,Brazil,2012,28.6413621085766,"World Bank WDI indicator VC.IHR.PSRC.P5, sourced from UNODC"
BRA,Brazil,2011,26.7470983503833,"World Bank WDI indicator VC.IHR.PSRC.P5, sourced from UNODC"
BRA,Brazil,2010,26.9945684769237,"World Bank WDI indicator VC.IHR.PSRC.P5, sourced from UNODC"
BRA,Brazil,2009,26.7914479705158,"World Bank WDI indicator VC.IHR.PSRC.P5, sourced from UNODC"
BRA,Brazil,2008,26.3359303856077,"World Bank WDI indicator VC.IHR.PSRC.P5, sourced from UNODC"
BRA,Brazil,2007,25.3144591379199,"World Bank WDI indicator VC.IHR.PSRC.P5, sourced from UNODC"
BRA,Brazil,2006,26.3403064568888,"World Bank WDI indicator VC.IHR.PSRC.P5, sourced from UNODC"
BRA,Brazil,2005,25.7693915381983,"World Bank WDI indicator VC.IHR.PSRC.P5, sourced from UNODC"
BRA,Brazil,2004,26.4918363852054,"World Bank WDI indicator VC.IHR.PSRC.P5, sourced from UNODC"
BRA,Brazil,2003,28.2710884352715,"World Bank WDI indicator VC.IHR.PSRC.P5, sourced from UNODC"
BRA,Brazil,2002,27.848196026942,"World Bank WDI indicator VC.IHR.PSRC.P5, sourced from UNODC"
BRA,Brazil,2001,27.2006084949971,"World Bank WDI indicator VC.IHR.PSRC.P5, sourced from UNODC"
BRA,Brazil,2000,26.0748466246634,"World Bank WDI indicator VC.IHR.PSRC.P5, sourced from UNODC"
BRA,Brazil,1999,25.0021056965213,"World Bank WDI indicator VC.IHR.PSRC.P5, sourced from UNODC"
BRA,Brazil,1998,24.7990574348239,"World Bank WDI indicator VC.IHR.PSRC.P5, sourced from UNODC"
BRA,Brazil,1997,24.3049302659348,"World Bank WDI indicator VC.IHR.PSRC.P5, sourced from UNODC"
BRA,Brazil,1996,23.6865994083929,"World Bank WDI indicator VC.IHR.PSRC.P5, sourced from UNODC"
BRA,Brazil,1995,21.0220886836161,"World Bank WDI indicator VC.IHR.PSRC.P5, sourced from UNODC"
BRA,Brazil,1994,18.7432334815665,"World Bank WDI indicator VC.IHR.PSRC.P5, sourced from UNODC"
BRA,Brazil,1993,17.865892961495,"World Bank WDI indicator VC.IHR.PSRC.P5, sourced from UNODC"
BRA,Brazil,1992,16.8315196406125,"World Bank WDI indicator VC.IHR.PSRC.P5, sourced from UNODC"
BRA,Brazil,1991,18.5523881422863,"World Bank WDI indicator VC.IHR.PSRC.P5, sourced from UNODC"
BRA,Brazil,1990,19.6463430965049,"World Bank WDI indicator VC.IHR.PSRC.P5, sourced from UNODC"
GBR,United Kingdom,2021,1.11868407522333,"World Bank WDI indicator VC.IHR.PSRC.P5, sourced from UNODC"
GBR,United Kingdom,2020,0.94577935310667,"World Bank WDI indicator VC.IHR.PSRC.P5, sourced from UNODC"
GBR,United Kingdom,2019,1.15033375026475,"World Bank WDI indicator VC.IHR.PSRC.P5, sourced from UNODC"
GBR,United Kingdom,2018,1.09059626628076,"World Bank WDI indicator VC.IHR.PSRC.P5, sourced from UNODC"
GBR,United Kingdom,2017,1.17550481262973,"World Bank WDI indicator VC.IHR.PSRC.P5, sourced from UNODC"
GBR,United Kingdom,2016,1.17310761427578,"World Bank WDI indicator VC.IHR.PSRC.P5, sourced from UNODC"
GBR,United Kingdom,2015,0.948271629655268,"World Bank WDI indicator VC.IHR.PSRC.P5, sourced from UNODC"
GBR,United Kingdom,2014,0.900318736728248,"World Bank WDI indicator VC.IHR.PSRC.P5, sourced from UNODC"
GBR,United Kingdom,2013,0.9349366699991,"World Bank WDI indicator VC.IHR.PSRC.P5, sourced from UNODC"
GBR,United Kingdom,2012,0.980292769516879,"World Bank WDI indicator VC.IHR.PSRC.P5, sourced from UNODC"
GBR,United Kingdom,2011,1.00772665754522,"World Bank WDI indicator VC.IHR.PSRC.P5, sourced from UNODC"
GBR,United Kingdom,2010,1.19987652699167,"World Bank WDI indicator VC.IHR.PSRC.P5, sourced from UNODC"
GBR,United Kingdom,2009,1.12468797208048,"World Bank WDI indicator VC.IHR.PSRC.P5, sourced from UNODC"
GBR,United Kingdom,2008,1.22526681051353,"World Bank WDI indicator VC.IHR.PSRC.P5, sourced from UNODC"
GBR,United Kingdom,2007,1.42031017055268,"World Bank WDI indicator VC.IHR.PSRC.P5, sourced from UNODC"
GBR,United Kingdom,2006,1.4119320989405,"World Bank WDI indicator VC.IHR.PSRC.P5, sourced from UNODC"
GBR,United Kingdom,2005,1.37797628851015,"World Bank WDI indicator VC.IHR.PSRC.P5, sourced from UNODC"
GBR,United Kingdom,2002,1.85923045695602,"World Bank WDI indicator VC.IHR.PSRC.P5, sourced from UNODC"
GBR,United Kingdom,2001,1.62595894048872,"World Bank WDI indicator VC.IHR.PSRC.P5, sourced from UNODC"
GBR,United Kingdom,2000,1.54256868130426,"World Bank WDI indicator VC.IHR.PSRC.P5, sourced from UNODC"
GBR,United Kingdom,1999,1.40043985028414,"World Bank WDI indicator VC.IHR.PSRC.P5, sourced from UNODC"
GBR,United Kingdom,1998,1.38332593669012,"World Bank WDI indicator VC.IHR.PSRC.P5, sourced from UNODC"
GBR,United Kingdom,1997,1.25412576150713,"World Bank WDI indicator VC.IHR.PSRC.P5, sourced from UNODC"
GBR,United Kingdom,1996,1.281335140925,"World Bank WDI indicator VC.IHR.PSRC.P5, sourced from UNODC"
GBR,United Kingdom,1995,1.39111870783059,"World Bank WDI indicator VC.IHR.PSRC.P5, sourced from UNODC"
GBR,United Kingdom,1994,1.42233524586565,"World Bank WDI indicator VC.IHR.PSRC.P5, sourced from UNODC"
GBR,United Kingdom,1993,1.34978569430064,"World Bank WDI indicator VC.IHR.PSRC.P5, sourced from UNODC"
GBR,United Kingdom,1992,1.38428635572783,"World Bank WDI indicator VC.IHR.PSRC.P5, sourced from UNODC"
GBR,United Kingdom,1991,1.38997016985018,"World Bank WDI indicator VC.IHR.PSRC.P5, sourced from UNODC"
GBR,United Kingdom,1990,1.27246170811834,"World Bank WDI indicator VC.IHR.PSRC.P5, sourced from UNODC"
IND,India,2022,2.81530423021647,"World Bank WDI indicator VC.IHR.PSRC.P5, sourced from UNODC"
IND,India,2021,2.92249230234054,"World Bank WDI indicator VC.IHR.PSRC.P5, sourced from UNODC"
IND,India,2020,2.93529734667461,"World Bank WDI indicator VC.IHR.PSRC.P5, sourced from UNODC"
IND,India,2019,2.94997162020176,"World Bank WDI indicator VC.IHR.PSRC.P5, sourced from UNODC"
IND,India,2018,3.0299149142336,"World Bank WDI indicator VC.IHR.PSRC.P5, sourced from UNODC"
IND,India,2017,3.07665739913599,"World Bank WDI indicator VC.IHR.PSRC.P5, sourced from UNODC"
IND,India,2016,3.14894003612781,"World Bank WDI indicator VC.IHR.PSRC.P5, sourced from UNODC"
IND,India,2015,3.341278725169,"World Bank WDI indicator VC.IHR.PSRC.P5, sourced from UNODC"
IND,India,2014,3.60868879736221,"World Bank WDI indicator VC.IHR.PSRC.P5, sourced from UNODC"
IND,India,2013,3.54043488192346,"World Bank WDI indicator VC.IHR.PSRC.P5, sourced from UNODC"
IND,India,2012,3.71306379435684,"World Bank WDI indicator VC.IHR.PSRC.P5, sourced from UNODC"
IND,India,2011,3.77728016164146,"World Bank WDI indicator VC.IHR.PSRC.P5, sourced from UNODC"
IND,India,2010,3.73628378136533,"World Bank WDI indicator VC.IHR.PSRC.P5, sourced from UNODC"
IND,India,2009,3.7391329622536,"World Bank WDI indicator VC.IHR.PSRC.P5, sourced from UNODC"
IND,India,2008,3.80808186808269,"World Bank WDI indicator VC.IHR.PSRC.P5, sourced from UNODC"
IND,India,2007,3.80976850285027,"World Bank WDI indicator VC.IHR.PSRC.P5, sourced from UNODC"
IND,India,2006,3.83338811896998,"World Bank WDI indicator VC.IHR.PSRC.P5, sourced from UNODC"
IND,India,2005,3.9054234629053,"World Bank WDI indicator VC.IHR.PSRC.P5, sourced from UNODC"
IND,India,2004,4.09246015023157,"World Bank WDI indicator VC.IHR.PSRC.P5, sourced from UNODC"
IND,India,2003,3.96945564811633,"World Bank WDI indicator VC.IHR.PSRC.P5, sourced from UNODC"
IND,India,2002,4.16690817646815,"World Bank WDI indicator VC.IHR.PSRC.P5, sourced from UNODC"
IND,India,2001,4.30652763410509,"World Bank WDI indicator VC.IHR.PSRC.P5, sourced from UNODC"
IND,India,2000,4.55297901231507,"World Bank WDI indicator VC.IHR.PSRC.P5, sourced from UNODC"
IND,India,1999,4.60217795989072,"World Bank WDI indicator VC.IHR.PSRC.P5, sourced from UNODC"
IND,India,1998,4.83888188255162,"World Bank WDI indicator VC.IHR.PSRC.P5, sourced from UNODC"
IND,India,1997,4.74591109090452,"World Bank WDI indicator VC.IHR.PSRC.P5, sourced from UNODC"
IND,India,1996,4.7885099027111,"World Bank WDI indicator VC.IHR.PSRC.P5, sourced from UNODC"
IND,India,1995,4.83036026191718,"World Bank WDI indicator VC.IHR.PSRC.P5, sourced from UNODC"
IND,India,1994,5.04248055851768,"World Bank WDI indicator VC.IHR.PSRC.P5, sourced from UNODC"
IND,India,1993,5.19965773114987,"World Bank WDI indicator VC.IHR.PSRC.P5, sourced from UNODC"
IND,India,1992,5.50280867727189,"World Bank WDI indicator VC.IHR.PSRC.P5, sourced from UNODC"
IND,India,1991,5.49524644015231,"World Bank WDI indicator VC.IHR.PSRC.P5, sourced from UNODC"
IND,India,1990,5.10559748651998,"World Bank WDI indicator VC.IHR.PSRC.P5, sourced from UNODC"
JPN,Japan,2023,0.229153196964695,"World Bank WDI indicator VC.IHR.PSRC.P5, sourced from UNODC"
JPN,Japan,2022,0.231204479818001,"World Bank WDI indicator VC.IHR.PSRC.P5, sourced from UNODC"
JPN,Japan,2021,0.226767585297115,"World Bank WDI indicator VC.IHR.PSRC.P5, sourced from UNODC"
JPN,Japan,2020,0.251772416452194,"World Bank WDI indicator VC.IHR.PSRC.P5, sourced from UNODC"
JPN,Japan,2019,0.251776994076062,"World Bank WDI indicator VC.IHR.PSRC.P5, sourced from UNODC"
JPN,Japan,2018,0.26317151259777,"World Bank WDI indicator VC.IHR.PSRC.P5, sourced from UNODC"
JPN,Japan,2017,0.240822214259524,"World Bank WDI indicator VC.IHR.PSRC.P5, sourced from UNODC"
JPN,Japan,2016,0.284680826905949,"World Bank WDI indicator VC.IHR.PSRC.P5, sourced from UNODC"
JPN,Japan,2015,0.285207237530428,"World Bank WDI indicator VC.IHR.PSRC.P5, sourced from UNODC"
JPN,Japan,2014,0.309836473839101,"World Bank WDI indicator VC.IHR.PSRC.P5, sourced from UNODC"
JPN,Japan,2013,0.289687941924583,"World Bank WDI indicator VC.IHR.PSRC.P5, sourced from UNODC"
JPN,Japan,2012,0.335344134410932,"World Bank WDI indicator VC.IHR.PSRC.P5, sourced from UNODC"
JPN,Japan,2011,0.345052544691282,"World Bank WDI indicator VC.IHR.PSRC.P5, sourced from UNODC"
JPN,Japan,2010,0.362756174607419,"World Bank WDI indicator VC.IHR.PSRC.P5, sourced from UNODC"
JPN,Japan,2009,0.394718973722555,"World Bank WDI indicator VC.IHR.PSRC.P5, sourced from UNODC"
JPN,Japan,2008,0.510315592739754,"World Bank WDI indicator VC.IHR.PSRC.P5, sourced from UNODC"
JPN,Japan,2007,0.448130523589302,"World Bank WDI indicator VC.IHR.PSRC.P5, sourced from UNODC"
JPN,Japan,2006,0.48360414937829,"World Bank WDI indicator VC.IHR.PSRC.P5, sourced from UNODC"
JPN,Japan,2005,0.502684120166819,"World Bank WDI indicator VC.IHR.PSRC.P5, sourced from UNODC"
JPN,Japan,2004,0.546880856818189,"World Bank WDI indicator VC.IHR.PSRC.P5, sourced from UNODC"
JPN,Japan,2003,0.545933396760037,"World Bank WDI indicator VC.IHR.PSRC.P5, sourced from UNODC"
JPN,Japan,2002,0.519278415107055,"World Bank WDI indicator VC.IHR.PSRC.P5, sourced from UNODC"
JPN,Japan,2001,0.547696989948495,"World Bank WDI indicator VC.IHR.PSRC.P5, sourced from UNODC"
JPN,Japan,2000,0.533741479197123,"World Bank WDI indicator VC.IHR.PSRC.P5, sourced from UNODC"
JPN,Japan,1999,0.580434481076274,"World Bank WDI indicator VC.IHR.PSRC.P5, sourced from UNODC"
JPN,Japan,1998,0.612410126937131,"World Bank WDI indicator VC.IHR.PSRC.P5, sourced from UNODC"
JPN,Japan,1997,0.562305291398125,"World Bank WDI indicator VC.IHR.PSRC.P5, sourced from UNODC"
JPN,Japan,1996,0.517561767782069,"World Bank WDI indicator VC.IHR.PSRC.P5, sourced from UNODC"
JPN,Japan,1995,0.576099822503167,"World Bank WDI indicator VC.IHR.PSRC.P5, sourced from UNODC"
JPN,Japan,1994,0.599424390556901,"World Bank WDI indicator VC.IHR.PSRC.P5, sourced from UNODC"
JPN,Japan,1993,0.572733291050931,"World Bank WDI indicator VC.IHR.PSRC.P5, sourced from UNODC"
JPN,Japan,1992,0.541067647465003,"World Bank WDI indicator VC.IHR.PSRC.P5, sourced from UNODC"
JPN,Japan,1991,0.51578066666879,"World Bank WDI indicator VC.IHR.PSRC.P5, sourced from UNODC"
JPN,Japan,1990,0.547813038978693,"World Bank WDI indicator VC.IHR.PSRC.P5, sourced from UNODC"
USA,United States,2023,5.76340794073065,"World Bank WDI indicator VC.IHR.PSRC.P5, sourced from UNODC"
USA,United States,2022,6.51267429794199,"World Bank WDI indicator VC.IHR.PSRC.P5, sourced from UNODC"
USA,United States,2021,6.77972198500888,"World Bank WDI indicator VC.IHR.PSRC.P5, sourced from UNODC"
USA,United States,2020,6.35465593745812,"World Bank WDI indicator VC.IHR.PSRC.P5, sourced from UNODC"
USA,United States,2019,4.93472178525416,"World Bank WDI indicator VC.IHR.PSRC.P5, sourced from UNODC"
USA,United States,2018,4.88693701574911,"World Bank WDI indicator VC.IHR.PSRC.P5, sourced from UNODC"
USA,United States,2017,5.20582704229048,"World Bank WDI indicator VC.IHR.PSRC.P5, sourced from UNODC"
USA,United States,2016,5.28982026159524,"World Bank WDI indicator VC.IHR.PSRC.P5, sourced from UNODC"
USA,United States,2015,4.87019612648983,"World Bank WDI indicator VC.IHR.PSRC.P5, sourced from UNODC"
USA,United States,2014,4.38357348743573,"World Bank WDI indicator VC.IHR.PSRC.P5, sourced from UNODC"
USA,United States,2013,4.47313924865612,"World Bank WDI indicator VC.IHR.PSRC.P5, sourced from UNODC"
USA,United States,2012,4.68473058437162,"World Bank WDI indicator VC.IHR.PSRC.P5, sourced from UNODC"
USA,United States,2011,4.66754631709583,"World Bank WDI indicator VC.IHR.PSRC.P5, sourced from UNODC"
USA,United States,2010,4.73280651793807,"World Bank WDI indicator VC.IHR.PSRC.P5, sourced from UNODC"
USA,United States,2009,4.9992946235203,"World Bank WDI indicator VC.IHR.PSRC.P5, sourced from UNODC"
USA,United States,2008,5.39888580801544,"World Bank WDI indicator VC.IHR.PSRC.P5, sourced from UNODC"
USA,United States,2007,5.67445011466685,"World Bank WDI indicator VC.IHR.PSRC.P5, sourced from UNODC"
USA,United States,2006,5.79419136382991,"World Bank WDI indicator VC.IHR.PSRC.P5, sourced from UNODC"
USA,United States,2002,5.65304262610104,"World Bank WDI indicator VC.IHR.PSRC.P5, sourced from UNODC"
USA,United States,2001,6.69516821550341,"World Bank WDI indicator VC.IHR.PSRC.P5, sourced from UNODC"
USA,United States,2000,5.53707946956534,"World Bank WDI indicator VC.IHR.PSRC.P5, sourced from UNODC"
USA,United States,1999,5.56772173977322,"World Bank WDI indicator VC.IHR.PSRC.P5, sourced from UNODC"
USA,United States,1998,6.14734210977422,"World Bank WDI indicator VC.IHR.PSRC.P5, sourced from UNODC"
USA,United States,1997,6.65818273718576,"World Bank WDI indicator VC.IHR.PSRC.P5, sourced from UNODC"
USA,United States,1996,7.25280570053619,"World Bank WDI indicator VC.IHR.PSRC.P5, sourced from UNODC"
USA,United States,1995,8.05575436588861,"World Bank WDI indicator VC.IHR.PSRC.P5, sourced from UNODC"
USA,United States,1994,8.78652102623221,"World Bank WDI indicator VC.IHR.PSRC.P5, sourced from UNODC"
USA,United States,1993,9.33849837151796,"World Bank WDI indicator VC.IHR.PSRC.P5, sourced from UNODC"
USA,United States,1992,9.15233015234456,"World Bank WDI indicator VC.IHR.PSRC.P5, sourced from UNODC"
USA,United States,1991,9.63187233852536,"World Bank WDI indicator VC.IHR.PSRC.P5, sourced from UNODC"
USA,United States,1990,9.25037955939706,"World Bank WDI indicator VC.IHR.PSRC.P5, sourced from UNODC"
ZAF,South Africa,2022,43.7202551331462,"World Bank WDI indicator VC.IHR.PSRC.P5, sourced from UNODC"
ZAF,South Africa,2021,40.9429825270973,"World Bank WDI indicator VC.IHR.PSRC.P5, sourced from UNODC"
ZAF,South Africa,2020,32.9775673780065,"World Bank WDI indicator VC.IHR.PSRC.P5, sourced from UNODC"
ZAF,South Africa,2019,35.7874756270719,"World Bank WDI indicator VC.IHR.PSRC.P5, sourced from UNODC"
ZAF,South Africa,2018,35.8657632618552,"World Bank WDI indicator VC.IHR.PSRC.P5, sourced from UNODC"
ZAF,South Africa,2017,35.2840163787516,"World Bank WDI indicator VC.IHR.PSRC.P5, sourced from UNODC"
ZAF,South Africa,2016,33.2101800798263,"World Bank WDI indicator VC.IHR.PSRC.P5, sourced from UNODC"
ZAF,South Africa,2015,32.9193156001477,"World Bank WDI indicator VC.IHR.PSRC.P5, sourced from UNODC"
ZAF,South Africa,2014,32.026354388996,"World Bank WDI indicator VC.IHR.PSRC.P5, sourced from UNODC"
ZAF,South Africa,2013,31.132729039924,"World Bank WDI indicator VC.IHR.PSRC.P5, sourced from UNODC"
ZAF,South Africa,2012,30.1454561488805,"World Bank WDI indicator VC.IHR.PSRC.P5, sourced from UNODC"
ZAF,South Africa,2011,29.3498251398405,"World Bank WDI indicator VC.IHR.PSRC.P5, sourced from UNODC"
ZAF,South Africa,2010,30.3625716702744,"World Bank WDI indicator VC.IHR.PSRC.P5, sourced from UNODC"
ZAF,South Africa,2009,32.4134564386112,"World Bank WDI indicator VC.IHR.PSRC.P5, sourced from UNODC"
ZAF,South Africa,2008,35.379325145242,"World Bank WDI indicator VC.IHR.PSRC.P5, sourced from UNODC"
ZAF,South Africa,2007,36.4150322955323,"World Bank WDI indicator VC.IHR.PSRC.P5, sourced from UNODC"
ZAF,South Africa,2006,38.213316830898,"World Bank WDI indicator VC.IHR.PSRC.P5, sourced from UNODC"
ZAF,South Africa,2005,37.4378416502353,"World Bank WDI indicator VC.IHR.PSRC.P5, sourced from UNODC"
ZAF,South Africa,2004,38.3597777084255,"World Bank WDI indicator VC.IHR.PSRC.P5, sourced from UNODC"
ZAF,South Africa,2003,40.8739335231162,"World Bank WDI indicator VC.IHR.PSRC.P5, sourced from UNODC"
ZAF,South Africa,2002,44.8839287192482,"World Bank WDI indicator VC.IHR.PSRC.P5, sourced from UNODC"
ZAF,South Africa,2001,44.9998733885833,"World Bank WDI indicator VC.IHR.PSRC.P5, sourced from UNODC"
ZAF,South Africa,2000,46.1368317963984,"World Bank WDI indicator VC.IHR.PSRC.P5, sourced from UNODC"
ZAF,South Africa,1999,48.371149061953,"World Bank WDI indicator VC.IHR.PSRC.P5, sourced from UNODC"
ZAF,South Africa,1998,54.3593478699825,"World Bank WDI indicator VC.IHR.PSRC.P5, sourced from UNODC"
ZAF,South Africa,1997,53.6187769339318,"World Bank WDI indicator VC.IHR.PSRC.P5, sourced from UNODC"
ZAF,South Africa,1996,56.4456925288109,"World Bank WDI indicator VC.IHR.PSRC.P5, sourced from UNODC"
ZAF,South Africa,1995,60.3414054621735,"World Bank WDI indicator VC.IHR.PSRC.P5, sourced from UNODC"
ZAF,South Africa,1994,59.0058123963542,"World Bank WDI indicator VC.IHR.PSRC.P5, sourced from UNODC"
